{
  "accuracy": 0.5,
  "precision": 0.0,
  "recall": 0.0,
  "f1": 0.0,
  "roc_auc": 1.0,
  "n_test": 2,
  "test_names": [
    "real2.jpeg",
    "gen2.jpg"
  ],
  "y_true": [
    0,
    1
  ],
  "y_pred": [
    0,
    0
  ],
  "y_proba": [
    0.4039030075073242,
    0.41433122754096985
  ]
}